Month;Activity
1;0
2;0
3;0
4;0.009888017
5;0.131379875
6;0.131012104
7;0.12797235
8;0.099406661
9;0.11776208
10;0.183838735
11;0.18482277
12;0.013917409
